{
  "low_confidence_threshold": 0.3,
  "low_confidence_count": 103,
  "low_confidence_percentage": 42.738589211618255,
  "bin_distribution": {
    "0.0-0.1": 74,
    "0.1-0.2": 19,
    "0.2-0.3": 10,
    "0.3-0.4": 9,
    "0.4-0.5": 10,
    "0.5-0.6": 15,
    "0.6-0.7": 16,
    "0.7-0.8": 54,
    "0.8-0.9": 34,
    "0.9-1.0": 0
  },
  "statistics": {
    "mean": 0.4299446887966805,
    "median": 0.48868,
    "std": 0.32918800396989445,
    "min": 0.01034,
    "max": 0.8598
  }
}