{
  "optimal_f1_threshold": 0.01,
  "optimal_f1_score": 0.0,
  "optimal_precision": 0.0,
  "optimal_recall": 0.0,
  "balanced_threshold": 0.01,
  "high_precision_threshold": 0.5,
  "total_predictions": 241,
  "total_ground_truth": 176,
  "true_positives_at_low_conf": 0,
  "false_positives_at_low_conf": 241,
  "false_negatives_at_low_conf": 176,
  "iou_threshold_used": 0.7,
  "confidence_stats": {
    "mean": 0.4299446887966805,
    "median": 0.48868,
    "std": 0.32918800396989445,
    "min": 0.01034,
    "max": 0.8598,
    "q25": 0.06209,
    "q75": 0.77439
  },
  "threshold_analysis": {
    "thresholds": [
      0.01,
      0.019494949494949496,
      0.02898989898989899,
      0.03848484848484848,
      0.047979797979797977,
      0.05747474747474747,
      0.06696969696969696,
      0.07646464646464644,
      0.08595959595959594,
      0.09545454545454544,
      0.10494949494949493,
      0.11444444444444442,
      0.12393939393939392,
      0.13343434343434343,
      0.1429292929292929,
      0.1524242424242424,
      0.1619191919191919,
      0.1714141414141414,
      0.1809090909090909,
      0.19040404040404038,
      0.19989898989898988,
      0.20939393939393938,
      0.21888888888888886,
      0.22838383838383836,
      0.23787878787878786,
      0.24737373737373736,
      0.25686868686868686,
      0.26636363636363636,
      0.2758585858585858,
      0.2853535353535353,
      0.2948484848484848,
      0.3043434343434343,
      0.3138383838383838,
      0.3233333333333333,
      0.3328282828282828,
      0.3423232323232323,
      0.3518181818181818,
      0.36131313131313125,
      0.37080808080808075,
      0.38030303030303025,
      0.38979797979797975,
      0.39929292929292926,
      0.40878787878787876,
      0.41828282828282826,
      0.4277777777777777,
      0.4372727272727272,
      0.4467676767676767,
      0.4562626262626262,
      0.4657575757575757,
      0.4752525252525252,
      0.4847474747474747,
      0.4942424242424242,
      0.5037373737373737,
      0.5132323232323232,
      0.5227272727272727,
      0.5322222222222222,
      0.5417171717171716,
      0.5512121212121212,
      0.5607070707070706,
      0.5702020202020202,
      0.5796969696969696,
      0.5891919191919192,
      0.5986868686868686,
      0.6081818181818182,
      0.6176767676767676,
      0.627171717171717,
      0.6366666666666666,
      0.646161616161616,
      0.6556565656565656,
      0.665151515151515,
      0.6746464646464646,
      0.684141414141414,
      0.6936363636363636,
      0.703131313131313,
      0.7126262626262625,
      0.722121212121212,
      0.7316161616161615,
      0.741111111111111,
      0.7506060606060605,
      0.76010101010101,
      0.7695959595959595,
      0.779090909090909,
      0.7885858585858585,
      0.798080808080808,
      0.8075757575757575,
      0.817070707070707,
      0.8265656565656565,
      0.836060606060606,
      0.8455555555555554,
      0.855050505050505,
      0.8645454545454544,
      0.874040404040404,
      0.8835353535353534,
      0.893030303030303,
      0.9025252525252524,
      0.912020202020202,
      0.9215151515151514,
      0.9310101010101008,
      0.9405050505050504,
      0.95
    ],
    "precisions": [
      0.0,
      0.0,
      0.0,
      0.0,
      0.0,
      0.0,
      0.0,
      0.0,
      0.0,
      0.0,
      0.0,
      0.0,
      0.0,
      0.0,
      0.0,
      0.0,
      0.0,
      0.0,
      0.0,
      0.0,
      0.0,
      0.0,
      0.0,
      0.0,
      0.0,
      0.0,
      0.0,
      0.0,
      0.0,
      0.0,
      0.0,
      0.0,
      0.0,
      0.0,
      0.0,
      0.0,
      0.0,
      0.0,
      0.0,
      0.0,
      0.0,
      0.0,
      0.0,
      0.0,
      0.0,
      0.0,
      0.0,
      0.0,
      0.0,
      0.0,
      0.0,
      0.0,
      0.0,
      0.0,
      0.0,
      0.0,
      0.0,
      0.0,
      0.0,
      0.0,
      0.0,
      0.0,
      0.0,
      0.0,
      0.0,
      0.0,
      0.0,
      0.0,
      0.0,
      0.0,
      0.0,
      0.0,
      0.0,
      0.0,
      0.0,
      0.0,
      0.0,
      0.0,
      0.0,
      0.0,
      0.0,
      0.0,
      0.0,
      0.0,
      0.0,
      0.0,
      0.0,
      0.0,
      0.0,
      0.0,
      0.0,
      0.0,
      0.0,
      0.0,
      0.0,
      0.0,
      0.0,
      0.0,
      0.0,
      0.0
    ],
    "recalls": [
      0.0,
      0.0,
      0.0,
      0.0,
      0.0,
      0.0,
      0.0,
      0.0,
      0.0,
      0.0,
      0.0,
      0.0,
      0.0,
      0.0,
      0.0,
      0.0,
      0.0,
      0.0,
      0.0,
      0.0,
      0.0,
      0.0,
      0.0,
      0.0,
      0.0,
      0.0,
      0.0,
      0.0,
      0.0,
      0.0,
      0.0,
      0.0,
      0.0,
      0.0,
      0.0,
      0.0,
      0.0,
      0.0,
      0.0,
      0.0,
      0.0,
      0.0,
      0.0,
      0.0,
      0.0,
      0.0,
      0.0,
      0.0,
      0.0,
      0.0,
      0.0,
      0.0,
      0.0,
      0.0,
      0.0,
      0.0,
      0.0,
      0.0,
      0.0,
      0.0,
      0.0,
      0.0,
      0.0,
      0.0,
      0.0,
      0.0,
      0.0,
      0.0,
      0.0,
      0.0,
      0.0,
      0.0,
      0.0,
      0.0,
      0.0,
      0.0,
      0.0,
      0.0,
      0.0,
      0.0,
      0.0,
      0.0,
      0.0,
      0.0,
      0.0,
      0.0,
      0.0,
      0.0,
      0.0,
      0.0,
      0.0,
      0.0,
      0.0,
      0.0,
      0.0,
      0.0,
      0.0,
      0.0,
      0.0,
      0.0
    ],
    "f1_scores": [
      0,
      0,
      0,
      0,
      0,
      0,
      0,
      0,
      0,
      0,
      0,
      0,
      0,
      0,
      0,
      0,
      0,
      0,
      0,
      0,
      0,
      0,
      0,
      0,
      0,
      0,
      0,
      0,
      0,
      0,
      0,
      0,
      0,
      0,
      0,
      0,
      0,
      0,
      0,
      0,
      0,
      0,
      0,
      0,
      0,
      0,
      0,
      0,
      0,
      0,
      0,
      0,
      0,
      0,
      0,
      0,
      0,
      0,
      0,
      0,
      0,
      0,
      0,
      0,
      0,
      0,
      0,
      0,
      0,
      0,
      0,
      0,
      0,
      0,
      0,
      0,
      0,
      0,
      0,
      0,
      0,
      0,
      0,
      0,
      0,
      0,
      0,
      0,
      0,
      0,
      0,
      0,
      0,
      0,
      0,
      0,
      0,
      0,
      0,
      0
    ]
  }
}