epoch,time,train/box_loss,train/cls_loss,train/dfl_loss,metrics/precision(B),metrics/recall(B),metrics/mAP50(B),metrics/mAP50-95(B),val/box_loss,val/cls_loss,val/dfl_loss,lr/pg0,lr/pg1,lr/pg2
1,633.455,0.8403,39.9757,0.23892,0,0,0,0,1.63184,4.86565,0.40317,0.00331276,0.00331276,0.00331276
2,1245.2,0.84829,1.34078,0.23108,0,0,0,0,1.55626,2.0851,0.48228,0.00663293,0.00663293,0.00663293
3,1853.45,0.56625,0.85185,0.15077,0,0,0,0,0.3849,0.59657,0.10788,0.00993991,0.00993991,0.00993991
4,2456.51,0.35247,0.65858,0.10127,0,0,0,0,0.14612,0.29449,0.04368,0.0099406,0.0099406,0.0099406
5,3057.87,0.54736,0.89072,0.19352,0,0,0,0,0.54581,0.71138,0.18251,0.0099208,0.0099208,0.0099208
6,3670.03,0.11682,0.16608,0.03743,0,0,0,0,0,0.00014,0,0.009901,0.009901,0.009901
7,4281.16,0.00714,0.00996,0.00192,0,0,0,0,0,0,0,0.0098812,0.0098812,0.0098812
